{"uuids": {"phone_id": "16a1ca3c-81f1-48e2-bb73-10b7376b7ae6", "uuid": "ab6af353-afe2-4254-b5f1-6b05a6c77d4b", "client_session_id": "73af4723-66ba-4be6-9fdb-6248c1f93013", "advertising_id": "1f9394ea-809b-4f51-9a24-168e629e5ee3", "device_id": "android-6ba2c3baedfe6ed3"}, "cookie": {"csrftoken": "dR19RF8JNvFUA65SOWTEychNGZMiPt0N", "mid": "Z1dpHAABAAE6jgP_qhCj6rcnHMGB", "sessionid": "70542307993%3A7PpcX6CH5svpQv%3A20%3AAYcnH0-YysFkm6QxqL36lu32Z1qir3icRZqBRIQVkw", "ds_user_id": "70542307993", "rur": "\"LDC\\05470542307993\\0541765317830:01f75cc47f27df15c0f66e0cd916475136b09865529117ab99dd4a3785b0dfc57652e289\"", "ig_direct_region_hint": "\"NHA\\05470542307993\\0541765317826:01f7ab20ebe40486a99e04ffe3541f8af10ff0c06ab771743c2e74c2d3c5149510cce212\""}, "timing_value": {"last_login": 1733781798.3342338, "last_experiments": 1733781798.3342338}, "device_settings": {"app_version": "117.0.0.28.123", "android_version": "28", "android_release": "9.0", "dpi": "420dpi", "resolution": "1080x1920", "manufacturer": "OnePlus", "device": "ONEPLUS A3003", "model": "OnePlus3", "cpu": "qcom", "version_code": "180322800"}, "user_agent": "Instagram 117.0.0.28.123 Android (28/9.0; 420dpi; 1080x1920; OnePlus; ONEPLUS A3003; OnePlus3; qcom; en_US; 180322800)"}