[
  {
    "timestamp": "2024-12-09T14:26:43.074356",
    "niche": "technology",
    "content_type": "instagram_post",
    "content": "**1. العنوان الجذاب:**\n\n💻 ثورة الذكاء الاصطناعي: مستقبل صناعة التكنولوجيا\n\n**2. نص المنشور (الكابشن):**\n\n**انتبهوا!** 🚨\n\nتستعد صناعة التكنولوجيا لثورة كبرى مع ظهور الذكاء الاصطناعي (AI). إليك النقاط التي ستغير مستقبلنا:\n\n- أتمتة المهام المعقدة: يُحرر الذكاء الاصطناعي البشر من المهام اليدوية، مما يسمح لهم بالتركيز على الإبداع والابتكار.\n- تحليل البيانات الفعال: يمكن للذكاء الاصطناعي تحليل كميات هائلة من البيانات بسرعة ودقة، مما يوفر رؤى أعمالية قيمة.\n- اتخاذ قرارات أفضل: يمكن للذكاء الاصطناعي دعم عملية صنع القرار من خلال توفير توصيات بناءً على البيانات وتقليل التحيز البشري.\n- تجارب عملاء مخصصة: يُمكّن الذكاء الاصطناعي الشركات من تخصيص التجارب وتفاعلات العملاء بناءً على تفضيلاتهم وسلوكياتهم.\n\nانضموا إلينا في هذه الثورة التكنولوجية واستفيدوا من إمكانات الذكاء الاصطناعي 🤖\n\n**3. وصف التصميم المرئي المقترح:**\n\n- **تنسيق الألوان:** درجات اللون الأزرق الملكي والأبيض\n- **نوع الخط:** خط حديث (مثل Helvetica أو Arial)\n- **تقسيم العناصر:** صورة في الأعلى، تليها نقاط مرتبة بسرد مكتوب في النهاية\n\n**4. الهاشتاغات:**\n\n- #الذكاء_الاصطناعي\n- #ثورة_التكنولوجيا\n- #مستقبل_الصناعة\n- #AIRevolution\n- #TechDisruption\n- #FutureOfTech\n\n**5. أفضل وقت للنشر:**\n\nفترة ما بعد الظهر يوم الثلاثاء أو الخميس، عندما يكون جمهور المهنيين أكثر نشاطًا على الإنترنت.\n\n**6. نصائح للتفاعل:**\n\n- **الوصول للجمهور المستهدف:** استهدف المهنيين في مجال التكنولوجيا والحوسبة والابتكار.\n- **تحفيز التفاعل:** اطرح أسئلة واستخدم دعوات للعمل لبدء المناقشات.\n- **التواصل مع المتابعين:** استجب للتعليقات والرسائل المباشرة لإنشاء شعور بالمجتمع.\n\n**7. أفكار للمحتوى المستقبلي:**\n\n- تطبيقات عملية للذكاء الاصطناعي في مختلف الصناعات.\n- المخاطر الأخلاقية والاجتماعية للذكاء الاصطناعي.\n- مهارات الذكاء الاصطناعي المتقدمة التي يحتاج إليها المتخصصون في مجال التكنولوجيا اليوم.",
    "description": "",
    "tone": "serious",
    "audience": "professionals"
  },
  {
    "timestamp": "2024-12-09T14:16:30.600377",
    "niche": "fashion",
    "content_type": "instagram_post",
    "content": "**عنوان:** 💡خطوات الأناقة الخالدة💡\n\n**نص المنشور:**\n\nاهلا محبي الأناقة! 🙋‍♀️\n\nهل تبحثين عن طرق لترقية مظهرك وإضفاء لمسة فاخرة على إطلالتك؟ اتبعي هذه الخطوات البسيطة ودعي أناقتك تتألق!✨\n\n- **اختاري القطع الأساسية:** استثمري في قطع عالية الجودة وذات ألوان محايدة مثل الأسود والأبيض والبيج. ستكون هذه القطع بمثابة أساس لخزانة ملابسك الأنيقة.\n- **أضيفي لمسة من الألوان:** لا تخافي من إضافة لمسة من اللون إلى مظهرك. اختاري ألوانًا تكمّل لون بشرتك وشخصيتك.\n- **انتبهي إلى التفاصيل:** الأكسسوارات والحزام المناسبان يمكنهما إضفاء لمسة فخامة على أبسط الملابس. اختاري مجوهرات رقيقة وحزامًا أنيقًا لإكمال إطلالتك.\n- **حافظي على أظافرك ومكياجك:** أظافر وأسنان نظيفة ومكياج مناسب يكملان مظهرك الأنيق.\n- **ثقي بنفسك:** الثقة هي أهم عنصر في الأناقة. اصعدي بثقة وظهري مرفوعًا! 👸\n\n**التصميم المرئي:**\n\n- **تنسيق الألوان:** أبيض، أسود، ذهبي\n- **نوع الخط:** خط أنيق وسهل القراءة مثل Arial أو Times New Roman\n- **تقسيم العناصر:** صورة أنيقة لامرأة ترتدي زيًا عصريًا، مع نص المنشور منسق بشكل واضح في المقدمة.\n\n**هاشتاغات:**\n\n* #أزياء_راقية\n* #أناقة_كلاسيكية\n* #نصائح_أزياء\n* #fashiontips\n* #styleinspiration\n\n**أفضل وقت للنشر:**\n\nالثلاثاء، من الساعة 11 صباحًا إلى 1 مساءً بتوقيت القاهرة. يُعد هذا الوقت الأمثل لأن معظم الناس يكونون في منتصف يوم العمل ويبحثون عن بعض الإلهام.\n\n**نصائح للتفاعل:**\n\n* استخدمي الهاشتاغات المناسبة للوصول إلى جمهور أوسع.\n* اطرحي أسئلة في تعليقك لتشجيع التفاعل.\n* شجعي متابعيك على مشاركة نصائح الأناقة الخاصة بهم.\n\n**أفكار للمحتوى المستقبلي:**\n\n* 5 أخطاء شائعة ترتكبها النساء في الأزياء\n* دليل شراء الملابس لأشكال الجسم المختلفة\n* كيف ترتدين الصيحات ولا تبدين متخلفة عن الموضة",
    "description": "",
    "tone": "professional",
    "audience": "general"
  },
  {
    "timestamp": "2024-12-09T14:14:15.645780",
    "niche": "food",
    "content_type": "instagram_post",
    "content": "**1. عنوان جذاب ومميز**\n\n🍔😋 تناول وجبة شهية مع أطباقنا اللذيذة! 🍔\n\n**2. نص المنشور (كابشن)**\n\n**هوك قوي:**\nهل سئمت من الوجبات المملة؟ تعال واستمتع بتجربة طعام مختلفة!\n\n**المحتوى الرئيسي:**\n- أطباق رئيسية شهية تُرضي جميع الأذواق 🤤\n- مقبلات جانبية لذيذة تكمل وجباتك 🍟\n- حلويات شهية ستجعلك تطلب المزيد 🍰\n\n**Call-to-action:**\nتفضل بزيارة مطعمنا اليوم واشبع ذوقك المميز!\n\n**الإيموجي:**\n🍔🍟🍰😋🤤\n\n**3. وصف مفصل للتصميم المرئي المقترح**\n\n**تنسيق الألوان:**\n- ألوان زاهية ودافئة مثل الأحمر والبرتقالي والأصفر لإثارة الشهية\n- خلفية محايدة بيضاء أو كريمية لإبراز الأطباق\n\n**نوع الخط:**\n- خط كبير وقابل للقراءة بسهولة من بعيد\n- خط يدوي أو مزخرف لإضفاء لمسة من البهجة والتمرح\n\n**تقسيم العناصر في التصميم:**\n- صورة كبيرة لطبق شهي في المقدمة\n- نص موجز في الأسفل يصف الأطباق والخدمات\n- شعار المطعم في ركن من أركان الصورة\n\n**4. هاشتاغات مناسبة**\n\n**هاشتاغات عربية شائعة:**\n- #اكلات_شهيه\n- #مطاعم_موصى_بها\n\n**هاشتاغات إنجليزية مؤثرة:**\n- #DeliciousMeals\n- #FoodieHeaven\n\n**هاشتاغات خاصة بمجالك:**\n- #مطاعم_عربيه\n- #طبخ_شرقي\n\n**5. أفضل وقت للنشر مع التبرير**\n\n- منتصف النهار (12-1 مساءً): وقت الغداء عندما يكون الناس جائعين ويبحثون عن خيارات الطعام\n- المساء (6-7 مساءً): وقت العشاء عندما يبدأ الناس في البحث عن أماكن لتناول الطعام\n\n**6. نصائح للتفاعل**\n\n**استراتيجية الوصول للجمهور المستهدف:**\n- استخدم هاشتاغات ذات صلة بمجال الطعام\n- تعاون مع مؤثري الطعام المحليين\n- ركز على الترويج على مواقع التواصل الاجتماعي المستخدمة من قبل الجمهور العربي\n\n**طرق تحفيز التفاعل والمشاركة:**\n- تنظيم مسابقات أو هدايا حول الطعام\n- طرح أسئلة حول تفضيلات الطعام وجمع آراء المتابعين\n- مشاركة صور أو مقاطع فيديو لأطباق لذيذة لزيادة الشهية\n\n**أفكار للتواصل مع المتابعين:**\n- الرد على التعليقات والرسائل بشكل ودي ومهني\n- التفاعل مع المحتوى الذي ينشئه المستخدمون المتعلق بالطعام\n- تنظيم أحداث تفاعلية أو لقاءات للعملاء\n\n**7. أفكار للمحتوى المستقبلي**\n\n- وصفات سهلة ويمكن إعدادها في المنزل\n- دليل لأفضل المطاعم المحلية في مدينتك\n- مقابلات مع طهاة مشهورين وتجارب طعام فريدة",
    "description": "",
    "tone": "casual",
    "audience": "general"
  },
  {
    "timestamp": "2024-12-09T14:12:31.735269",
    "niche": "food",
    "content_type": "",
    "content": "**عنوان جذاب ومميز:**\n\n🌟 **سر الأكل الصحي: 5 نصائح سهلة لتبدأ بها اليوم!**\n\n**نص المنشور (كابشن):**\n\nهل تريد أن تعيش حياة صحية دون حرمان؟ لدينا الحل المثالي لك! إليك 5 نصائح سهلة يمكنك البدء بها اليوم ليشعرك بالطاقة والحيوية:\n\n- 🍎 تناول 5 حصص من الفاكهة والخضروات يوميًا.\n- 💧 اشرب 8 أكواب من الماء على الأقل كل يوم.\n- 🏃‍♀️ مارس التمارين الرياضية لمدة 30 دقيقة على الأقل معظم أيام الأسبوع.\n- 😴 احصل على قسط كافٍ من النوم، حوالي 7-9 ساعات كل ليلة.\n- 🙅‍♀️ قلل من الأطعمة المصنعة والسكريات المضافة.\n\nاتبع هذه النصائح البسيطة وسترلاحظ فرقًا كبيرًا في صحتك وشعورك بالراحة! ✨ #عيش_الصحة #أكل_صحي\n\n**وصف مفصل للتصميم المرئي المقترح:**\n\n- **تنسيق الألوان المقترح:** ألوان زاهية وجذابة، مثل الأخضر النعناعي والوردي والأصفر.\n- **نوع الخط المناسب:** خط أنيق وسهل القراءة، مثل Helvetica أو Georgia.\n- **تقسيم العناصر في التصميم:** تقسيم واضح للنص والإيموجي، مع عنصر بصري لافت للنظر في المقدمة (مثل طبق من الفاكهة الطازجة).\n\n**هاشتاغات مناسبة:**\n\n- #عيش_الصحة\n- #أكل_صحي\n- #وصفات_صحية\n- #تغذية\n- #صحة_ولياقة\n- #HealthyEating\n- #HealthyRecipes\n- #Nutrition\n- #Fitness\n\n**أفضل وقت للنشر:**\n\nمنتصف الأسبوع (الأربعاء) بين الساعة 11 صباحًا و1 ظهرًا، عندما يكون الناس عادةً أكثر نشاطًا على وسائل التواصل الاجتماعي.\n\n**نصائح للتفاعل:**\n\n- **استراتيجية الوصول للجمهور المستهدف:** استخدم هاشتاغات شائعة واستهدف الأشخاص المهتمين بالصحة والتغذية.\n- **طرق تحفيز التفاعل والمشاركة:** اطرح الأسئلة، وشارك في المسابقات، واستخدم الإيموجي التي تشجع على التفاعل (مثل 👍 أو ❤️).\n- **أفكار للتواصل مع المتابعين:** استجب للتعليقات والرسائل، وشارك قصص نجاح المتابعين، ونظم جلسات أسئلة وأجوبة مباشرة.\n\n**أفكار للمحتوى المستقبلي:**\n\n- 3 وصفات صحية ولذيذة يمكنك تجربتها في المنزل.\n- دليل شامل حول الفوائد الصحية للطعام الكامل.\n- مقابلات مع خبراء التغذية حول أحدث النصائح حول الأكل الصحي.",
    "additional_details": "",
    "tone": "casual",
    "target_audience": "عام"
  },
  {
    "timestamp": "2024-12-09T13:48:49.294021",
    "niche": "technology",
    "content_type": "instagram_story",
    "content": "**1. العنوان:** 💡 تقنيات ثورية في انتظارك! 💡\n\n**2. نص المنشور:**\n\nيا رواد الأعمال الطموحين! هل أنتم مستعدون للارتقاء بأعمالكم إلى مستويات غير مسبوقة؟ إليكم أحدث التقنيات التي ستغير قواعد اللعبة:\n\n- **الذكاء الاصطناعي (AI):** أتمتة المهام المعقدة وزيادة الإنتاجية.\n- **السحابة الحوسبية:** الوصول إلى الموارد والتطبيقات من أي مكان وفي أي وقت.\n- **تحليل البيانات:** استخراج رؤى قيمة لاتخاذ قرارات مستنيرة.\n- **إنترنت الأشياء (IoT):** ربط الأجهزة والأجهزة لتحقيق التشغيل التلقائي والكفاءة.\n\nاستفيدوا من هذه التقنيات الثورية اليوم لبدء رحلتكم نحو النجاح. #التقنية_الحديثة #الإبداع #ريادة_الأعمال 💪\n\n**3. التصميم المرئي المقترح:**\n\n- **تنسيق الألوان:** أزرق نايفي ونقوش برتقالية\n- **نوع الخط:** هندسي جريء وخط رفيع\n- **تقسيم العناصر:** قسم المحتوى إلى كتل نصية ونقاط مرتبة بخطوط متباينة\n\n**4. هاشتاغات:**\n\n- #التقنية_الحديثة #التكنولوجيا #الذكاء_الاصطناعي #ريادة_الأعمال #نمو_الأعمال\n- #ArtificialIntelligence #CloudComputing #DataAnalytics #IoT\n- #businessgrowth #technologytrends\n\n**5. أفضل وقت للنشر:**\n\nنشر المنشور في وقت مبكر من الصباح (بين الساعة 6 و 8 صباحًا) أيام الإثنين والخميس، حيث يكون جمهور رجال الأعمال نشطًا على Instagram.\n\n**6. نصائح للتفاعل:**\n\n- **استهداف الجمهور:** استخدم الهاشتاغات ذات الصلة واتصل بالصفحات ذات الصلة.\n- **تحفيز التفاعل:** اطرح الأسئلة وحث المتابعين على مشاركة أفكارهم.\n- **التواصل مع المتابعين:** اقرأ التعليقات ورد عليها وأشكر المتابعين على دعمهم.\n\n**7. أفكار للمحتوى المستقبلي:**\n\n- تقنيات الواقع الافتراضي والمعزز (VR/AR)\n- الأمان السيبراني في عصر التحول الرقمي\n- الاتجاهات الناشئة في التكنولوجيا المالية (FinTech)",
    "additional_details": "",
    "tone": "حماسي",
    "target_audience": "رجال أعمال"
  },
  {
    "timestamp": "2024-12-09T13:41:38.828056",
    "niche": "technology",
    "content_type": "instagram_post",
    "content": "**1. العنوان:** 🚀 أوفر وقتك واجهدك مع نظام المحاسبة الفائق 💰\n\n**2. نص المنشور:**\n\nمرحباً، أيها الرائدون! هل سئمتم من إضاعة الوقت في المهام المحاسبية؟ لدينا الحل الأمثل لكم 👌\n\nنقدم لكم برنامج محاسبة مصمم خصيصاً لرجال الأعمال مثلكم:\n\n✅ آتمتة المهام اليومية للتقليل من الجهد والوقت\n✅ تتبع الدفعات والمدفوعات بسهولة ودقة\n✅ توليد التقارير المالية بسرعة لتتخذ قرارات مستنيرة 📈\n\nلا تضيعوا وقتكم الثمين بعد الآن! استخدموا برنامج محاسبتنا لتوفير الوقت والجهد وزيادة الإنتاجية. #وقتك_ثمينا #محاسبة_بلا_جهد\n\n**3. التصميم المرئي:**\n\n* **ألوان:** أزرق (ثقة)، أخضر (نمو)، أبيض (بساطة)\n* **خط:** سهل القراءة، أنيق (مثل Helvetica أو Lora)\n* **تقسيم العناصر:** عنوان كبير في الأعلى، كابشن موجز بالأسفل، أيقونات تمثل الميزات الرئيسية\n\n**4. هاشتاغات:**\n\n* **عربي:** #محاسبة #رواد_الأعمال #برنامج_محاسبة\n* **إنجليزي:** #Accounting #BusinessManagement #AccountingSoftware\n* **مخصص للمجال:** #SmallBusinessAccounting\n\n**5. أفضل وقت للنشر:**\n\nأيام الأسبوع خلال ساعات العمل (من 9 صباحاً إلى 5 مساءً)\n\n**6. نصائح للتفاعل:**\n\n* **استراتيجية الوصول:** الاستهداف الدقيق لرجال الأعمال والشركات الصغيرة\n* **تحفيز التفاعل:** طرح أسئلة، تقديم محتوى قيم مجاني، إجراء مسابقات\n* **التواصل مع المتابعين:** الرد على التعليقات والرسائل الخاصة، استطلاعات الرأي، جلسات بث مباشر\n\n**7. أفكار للمحتوى المستقبلي:**\n\n* 5 فوائد لاستخدام برنامج محاسبة سحابي\n* دليل خطوة بخطوة لاختيار برنامج المحاسبة المناسب\n* نصائح لتعزيز الدقة في عمليات المحاسبة",
    "additional_details": "برنامج محاسبة\n",
    "tone": "ودي",
    "target_audience": "رجال أعمال"
  },
  {
    "timestamp": "2024-12-09T13:39:50.187274",
    "niche": "technology",
    "content_type": "instagram_post",
    "content": "**1. عنوان جذاب ومميز:**\n\n🚀 **ثورة في عالم المحاسبة: برنامج المحاسبة الذي سيغير قواعد اللعبة**\n\n**2. نص المنشور (كابشن):**\n\n**مقدمة تجذب الانتباه:**\nهل تعاني من متاعب المحاسبة اليدوية؟ إليك برنامج المحاسبة الذي سيحررك من هذه القيود ويأخذ عملك إلى مستوى جديد!\n\n**المحتوى الرئيسي:**\n- 👋 وداعًا للمهام الورقية المملة: أتمتة المعاملات والدفاتر والأرصدة على الفور\n- 📊 تحليل مالي سهل: احصل على رؤى ثاقبة في دقائق لتتخذ قرارات مستنيرة\n- 🤝 تعاون سلس: شارك البيانات والحسابات مع فريقك بسهولة في الوقت الفعلي\n- 📱 متنقل بالكامل: قم بالوصول إلى بياناتك وتحديثها من أي مكان وفي أي وقت\n\n**Call-to-action:**\nانضم إلى الثورة المحاسبية اليوم وزود عملك بأفضلية تنافسية! تواصل معنا لمزيد من المعلومات أو لتحديد موعد عرض توضيحي مجاني. 🤝\n\n**إيموجي:**\n🚀👋📊🤝📱\n\n**3. وصف مفصل للتصميم المرئي المقترح:**\n\n- **تنسيق الألوان:** أزرق ملكي (ثقة واستقرار)، أبيض (نقاء ودقة)\n- **نوع الخط:** خط حديث أنيق، قابل للقراءة، مثل Helvetica أو Avenir\n- **تقسيم العناصر:**\n    - العنوان في الجزء العلوي بخط كبير وجريء\n    - نص الكابشن في المنتصف، مقسم إلى نقاط مرتبة\n    - Call-to-action في الجزء السفلي بخط عريض أو لون مميز\n\n**4. هاشتاغات مناسبة:**\n\n**هاشتاغات عربية شائعة:**\n#محاسبة #برنامج_محاسبة #أتمتة #تحليل_مالي #مالية\n\n**هاشتاغات إنجليزية مؤثرة:**\n#AccountingRevolution #AccountingSoftware #Automation #FinancialAnalysis #BusinessSolution\n\n**هاشتاغات خاصة بمجالك:**\n#ريادة_الأعمال #إدارة_المال #نمو_الأعمال\n\n**5. أفضل وقت للنشر مع التبرير:**\n\nافضل وقت للنشر هو أيام الأسبوع خلال ساعات العمل، حيث يكون رجال الأعمال عادةً نشطين على الإنترنت ويبحثون عن حلول أعمالهم.\n\n**6. نصائح للتفاعل:**\n\n- **استراتيجية الوصول للجمهور المستهدف:** استخدم هاشتاغات محددة، وتعاون مع المؤثرين ذوي الصلة.\n- **طرق تحفيز التفاعل والمشاركة:** اطرح أسئلة، ونظم المسابقات، وشارك محتوى قيم.\n- **أفكار للتواصل مع المتابعين:** استجب للتعليقات والرسائل المباشرة، وعقد جلسات بث مباشر لمناقشة الموضوعات ذات الصلة.\n\n**7. أفكار للمحتوى المستقبلي:**\n\n- مراحل اختيار برنامج محاسبة مثالي\n- كيف يساعد برنامج المحاسبة على تحسين الكفاءة التشغيلية\n- دراسات حالة حول تأثير برنامج المحاسبة على الأعمال الناشئة",
    "additional_details": "برنامج محاسبة\n",
    "tone": "حماسي",
    "target_audience": "رجال أعمال"
  }
]